Country,"Inflation, consumer prices (annual %)",Urbanization (%),FDI (% of GDP),"GDP per capita, PPP (current international $)","Unemployment, total (% of total labor force) (modeled ILO estimate)",Tax revenue (% of GDP),Individuals using the Internet (% of population),Trade Openness (% of GDP),Rule of Law Score,Government Effectiveness,Regulatory Quality,Real GDP Growth (% Change),Voice and Accountability: Estimate,Political Stability and Absence of Violence/Terrorism: Estimate,"Central government debt, total (% of GDP)",External debt stocks (% of GNI),Public and publicly guaranteed debt service (% of exports),RSF_PressFreedomIndex,RSF_PressFreedomIndex_PoliticalScore,RSF_PressFreedomIndex_EconomicScore,RSF_PressFreedomIndex_LegalScore,RSF_PressFreedomIndex_SocialScore,RSF_PressFreedomIndex_SafetyScore,ECI,CPI score 2022,LiteracyRate_TotalPopulation_Pct,Gini_Index,Domestic credit to private sector (% of GDP)
Afghanistan,,26.616,,2122.99581512665,14.1,,,72.8854696086536,-1.65984559059143,-1.88003480434418,-1.27180624008179,-6.24017199240269,-1.75352871417999,-2.54495596885681,,,,"38,27","44,65","43,88","42,54","43,33","16,96",-1.1992977,24,37.3,31.0,
Albania,6.72520271530048,63.799,7.57934219388197,19429.9213167081,10.137,,82.6137,84.6980639208685,-0.165585100650787,0.0645405352115631,0.159353822469711,4.82668831434437,0.141740188002586,0.106261312961578,,56.1149373164299,9.18537797954845,"56,41","50,55","29,39","68,77","66,6","66,75",-0.25830767,36,99.0,29.42,33.79124601978
Angola,21.3552901320822,68.081,-6.32056384328187,7924.88880583905,14.602,,39.2935,69.6910705054094,-1.02203571796417,-1.02603423595428,-0.606698572635651,3.04472652391918,-0.807577967643738,-0.630108535289764,,61.2185509834012,30.3800197632965,"57,17","52,83","35,03","61,11",73,"63,87",-0.46885175,33,72.0,51.27,8.62886678212951
Argentina,,92.347,2.402155349277,29597.6938429264,6.805,11.1228688536464,88.3754,31.5477080051071,-0.482351809740067,-0.28348970413208,-0.697565734386444,5.26987967384072,0.546316981315613,-0.0985943302512169,,43.1079001903234,33.2585875077557,"77,28","76,36","51,53","90,68","85,75","82,06",-0.30046633,38,99.0,37.800000000000004,
Armenia,8.64091108973855,63.573,4.99991586140552,19161.370051419,13.379,21.8271552378304,77.0277,101.41077826094,-0.169515803456306,-0.314792364835739,-0.0190788023173809,12.5999999997766,0.0903258174657822,-0.740756273269653,46.5518225541677,85.3537763333843,18.0088551461692,"68,97","66,26","44,44","77,88","76,33","79,91",0.18379122,46,99.8,27.94,52.5538426755394
Bangladesh,7.69695437176898,39.711,0.355308723531372,8450.54902533944,4.593,,41.6152,33.7799672705735,-0.601690113544464,-0.763355314731598,-0.927658915519714,7.09982877575158,-0.753301620483398,-1.046462059021,,20.2787398342943,11.2392162165619,"36,63","42,12","32,48","44,15","48,5","15,88",-0.6551144,25,74.9,31.77,38.9555684288032
Belarus,15.209675274081,80.326,2.17745011943276,28429.4948814534,3.574,11.2335456198223,89.5073,120.024207576094,-1.22100031375885,-0.851723372936249,-1.33121407032013,-4.65839591573591,-1.62772846221924,-0.802096605300903,,56.8782499300184,14.1668733369699,"39,62","32,93","48,75","37,23","60,33","18,85",0.71532065,39,99.9,24.38,
Benin,1.35077863583527,49.534,2.16063891256477,3844.16493382584,1.685,,33.7602,50.93352007034,-0.596109390258789,-0.170590236783028,-0.348364651203156,6.25324491401346,-0.335694015026093,-0.34320268034935,,62.2447845188821,11.2178613332037,"48,39","47,73","28,19","57,46","55,5","53,1",-0.5983965,43,47.0,37.95,17.1000283524023
Bolivia,1.74632872945969,70.83,0.0141722868400141,10371.9629040947,3.552,,73.2831,67.755898784076,-1.30140423774719,-0.564738214015961,-1.21053624153137,3.60568038279472,-0.197485566139221,-0.191908553242683,,37.2776464521317,16.5189743121325,"47,58","44,55","33,67","58,77",45,"55,89",-1.045954,31,94.0,38.1,74.1868372639684
Botswana,11.665567478802,72.224,3.49190816493543,19977.6508534267,23.615,19.6487479969996,77.3272,85.6083027804928,0.459227591753006,0.439493864774704,0.621043562889099,5.48602817797183,0.449784100055695,1.0739837884903,,10.1291021495885,1.95325912382696,"58,49","56,97","37,24","56,36","69,75","72,11",-0.87245,60,88.5,53.33,29.8880270731178
Brazil,9.28010608956873,87.555,3.8221961533297,19876.8533546887,9.231,14.7258479184963,80.5278,38.8160659763397,-0.257879137992859,-0.588259339332581,-0.220437631011009,3.01669435393015,0.225268334150314,-0.395036935806274,79.1023218878495,31.1584322862462,29.9164040125887,"55,36","51,62","37,59","69,74",70,"47,86",-0.04367476,38,94.7,50.7,70.606097378297
Bulgaria,15.3252589264366,76.363,5.46200820001027,34826.6467213062,4.268,21.7256158413796,79.1269,138.84014681798,-0.107922710478306,-0.271232962608337,0.320686906576157,4.03877758301681,0.287512123584747,0.313428640365601,30.1997861927243,,,"59,12","54,95","30,1","68,71","66,83","75,02",0.7016596,43,98.4,40.480000000000004,44.7272898788277
Burkina Faso,14.2902354303358,31.877,3.55861030023451,2641.87011276969,5.389,17.6730517423342,19.9237,64.8438739203037,-0.611933767795563,-0.853148698806763,-0.468305677175522,1.4972397409897,-0.684045016765594,-1.81536936759949,62.5256115534246,54.6377766654475,17.5624284823319,"73,12","78,99","67,69","75,58","87,83","55,52",-0.5773888,42,46.0,43.02,31.3166768491206
Chad,5.78802687843616,24.063,,1808.83862023181,1.096,,12.1839,89.722949365026,-1.37356173992157,-1.42367351055145,-1.14935708045959,2.80434074839411,-1.47125339508057,-1.47040486335754,,26.5295568744086,7.59265460091035,"56,18","55,88","43,27","60,35","63,2","58,21",-2.4892201,19,27.0,37.5,
Chile,11.6438667110561,87.912,6.03627962411555,30944.6358694631,8.249,21.2736151328078,90.6769,74.9877802139767,0.688454449176788,0.546218276023865,0.978411138057709,2.05874008095333,0.976769387722015,0.13208432495594,,,,"60,61","65,03","42,86","67,63","72,4","55,15",-0.21626835,67,97.0,44.5,112.290235620988
Colombia,10.1772313546166,82.05,4.97568342327735,20643.2939203482,10.547,15.2778799254416,72.7964,48.0739778648801,-0.427760243415833,0.01379637978971,0.140449166297913,7.2888838865514,0.168687179684639,-0.62995833158493,70.1401840114914,55.8764353118704,33.8953291243213,"42,43","44,7","32,27","60,42","50,38","24,4",-0.08590589,39,95.6,51.5,44.2270358436482
Costa Rica,8.27477490232654,82.042,5.30504327929944,25936.7694125867,11.325,14.3541941094714,82.598,82.2275325353143,0.435932785272598,0.0526026673614979,0.567061722278595,4.55149177958398,1.07340776920319,0.956596434116364,71.1115764129093,60.3334664592797,8.71404176378746,"85,92","81,62","72,96","87,72","92,5","94,78",0.23769884,54,98.0,48.4,52.6621990605343
Ivory Coast,5.27616724262846,52.661,2.27881458136523,6707.9479515214,2.306,11.9446623106188,38.4133,53.4312191070311,-0.47401824593544,-0.333772420883179,-0.152012959122658,6.2178509127107,-0.393042325973511,-0.587266504764557,,46.8600779813366,11.7873575562185,"74,46","74,89","58,45","75,94","81,43","81,6",-1.013524,37,89.9,37.17,21.0767374471882
Croatia,10.7805806758686,58.219,5.51610421858619,41924.3254378426,6.96,21.6471590161233,82.0716,125.213857590974,0.36779710650444,0.581313610076904,0.502549886703491,7.28793643206565,0.616291224956512,0.672563254833221,83.0002554430717,,,"70,42","68,26","50,46","79,19","76,09","78,08",0.90565515,50,99.4,32.45,50.5419906019938
Cyprus,8.39548297993334,66.911,1.55020714842496,55972.41796875,6.806,23.3342708138957,89.601,201.237205778502,0.570125758647919,0.730335235595703,0.773753821849823,7.36562252428676,0.850350379943848,0.423811227083206,,,,"65,97","61,21","42,09","74,56","65,75","86,25",0.17040469,52,99.4,29.42,71.3598011077138
Czech Republic,15.1001651468371,74.377,3.02937517288668,51666.3927888807,2.224,12.6419883935481,84.5401,144.011494109397,1.1003965139389,1.09341883659363,1.38589835166931,2.84717065717149,1.04114127159119,0.814114570617676,,,,"80,54","79,66","61,56","84,21","88,44","88,81",1.7626604,56,99.0,24.8,48.6347695390782
Dominican Republic,8.81109209279587,83.848,3.56710752156703,24379.8733515798,5.504,13.8202744402643,84.3832,54.2315255592457,-0.0933533534407616,-0.0684610605239868,0.0695477873086929,4.85832403582451,0.313117146492004,0.249287635087967,,44.2742583314129,13.7446597768317,"76,9","71,52","62,24","85,96",92,"72,79",-0.011731069,32,95.5,38.2,27.9508638700304
Ecuador,3.46616972213077,64.57,0.755059961772552,15280.096372305,3.761,13.0383442764852,69.7181,61.6216623941869,-0.620780825614929,-0.309278339147568,-0.45972153544426,6.18613907258741,0.0273947101086378,-0.37122431397438,,53.614535021098,14.728183987124,"64,61","60,1","55,44","67,98","69,5","70,03",-0.96216965,36,93.9,44.7,52.1764431971076
Egypt,13.8956609775178,42.967,2.39118080969079,17526.8017030166,7.344,,72.1981,36.9831048772713,-0.26560452580452,-0.448231309652328,-0.713920831680298,6.58784560886967,-1.45044994354248,-0.978700578212738,,35.3791611645131,23.1591391923667,"30,23","30,91","23,47","34,87","44,25","17,64",-0.19998606,30,73.1,31.89,30.847002116672
El Salvador,7.19861615609867,74.767,0.0320261812840187,11858.0780641877,2.999,21.0838627874902,62.8885,88.1547423295316,-0.742217719554901,-0.321259051561356,-0.462724059820175,2.79955216943868,-0.371244877576828,-0.352474838495255,73.7611648033132,69.5888220193744,32.2434530300956,"54,09","42,94","39,07","63,22","62,86","62,37",0.08549129,33,90.0,38.76,62.3808722163174
Estonia,19.3982634080616,69.609,4.89320122469428,47761.8680185354,5.571,20.7588850528932,91.5202,174.563994182116,1.42628395557404,1.34263217449188,1.5589644908905,0.0604278323325786,1.20195424556732,0.727880895137787,24.9025836512859,,,"88,83","91,11","81,97","87,87",90,"93,2",0.95019597,74,99.9,31.900000000000002,57.0043935970351
Eswatini,,24.576,0.284327760848015,10434.4813469258,35.359,,58.2502,,-0.645428061485291,-0.781404197216034,-0.718993604183197,-0.0676192583464115,-1.22105753421783,-0.210463792085648,,28.3436482621601,3.82919492552606,"46,42","41,31","35,03","43,86","50,5","61,4",-0.08704377,30,89.0,54.58,21.5760187911061
Ethiopia,33.8898797100898,22.661,2.89493814042439,2844.90683529484,3.409,4.49688526014635,19.3781,26.5955012290858,-0.635894060134888,-0.791824162006378,-0.94841742515564,5.32117628383672,-1.04841494560242,-2.07060623168945,,24.2744253977706,18.2791956138983,"50,53","50,65","45,77","63,66","57,29","35,29",-0.7999168,38,51.8,33.0,
Finland,7.12350773301402,85.681,4.67298550552399,61293.0471843923,6.719,21.200267544453,92.9888,94.132058739535,1.95789980888367,1.75458240509033,1.77915287017822,1.4500480727209,1.60676980018616,0.894830107688904,,,,"88,42","90,4","82,03","86,64","90,77","92,26",1.3391854,87,100.0,41.26,96.2017706031775
Gabon,4.23124798274579,90.735,,19992.5570642927,20.399,,73.6951,92.0630888500131,-0.823756873607635,-0.685424149036407,-0.702257215976715,3.03761449502689,-0.880173981189728,0.0603694021701813,,42.0199373621853,,56,"48,38","39,46","56,14","65,5","70,52",-1.4805977,29,86.0,38.02,
Georgia,11.8981654203198,60.297,9.15328575552963,22461.3326414548,11.647,22.9022783420258,78.7113,114.695437688718,0.16946941614151,0.650143086910248,1.0323086977005,10.9585321385624,0.0156398266553879,-0.43653005361557,42.9693933571232,104.075737472995,22.6688350975514,"59,3","52,42","46,43","80,79","75,5","41,34",-0.057847843,56,100.0,34.18,63.0529057506879
Germany,6.87257438551097,77.648,1.5066061525701,67533.0528581721,3.12,11.0108628299,91.6298,89.0641273695259,1.53199517726898,1.28929960727692,1.52229499816895,1.36973105536585,1.41448700428009,0.628491878509521,,,,"82,04","87,03","80,07","87,08","89,47","66,58",1.9266979,79,99.0,41.38,81.807984622583
Ghana,31.2558951049016,58.615,1.92344065685952,7209.03673375227,3.084,12.2975358062853,69.8405,70.1154557958907,-0.0795473381876945,-0.106421269476414,-0.178818702697754,3.81750462109567,0.400153130292892,-0.195024788379669,,58.463230531715,17.8712795252518,"67,43","66,61","47,22","81,42","79,64","62,25",-0.70736265,43,80.0,43.52,13.2885237880865
Greece,9.64525981280632,80.357,3.63119902887991,38936.3375130315,12.426,27.6419741079546,83.1707,107.679207902405,0.325134873390198,0.446967661380768,0.464378982782364,5.74364918958959,0.956881701946259,0.106463775038719,202.079135428522,,,"55,52","60,5","38,13","69,54","65,36","44,1",0.22135136,52,97.9,38.47,52.2433551193593
Guinea,10.4930409984424,37.668,3.30630355394451,4062.36136437923,5.267,,33.923,94.1652726931221,-1.09771931171417,-0.914215862751007,-1.05010461807251,3.97240784200721,-1.08316206932068,-0.838682115077972,,25.9403143689836,2.35056941377385,"59,82","59,26","47,05","71,15","70,67","50,96",-2.1114068,25,45.3,29.59,
Honduras,9.08963911525025,59.6,2.41292398026651,6805.4935829456,8.774,,59.7135,112.698524913966,-1.0175416469574,-0.86729633808136,-0.485292732715607,4.14356194013767,-0.49105179309845,-0.568361818790436,,43.1693699471804,17.2972230971364,"34,61","33,33","31,63","36,84",31,"40,22",-0.5753976,23,88.5,53.5,70.1021060078611
Hungary,14.6081439492433,72.552,-1.1227943982934,43665.1934458497,3.609,23.4281197043669,89.1428,185.271113216624,0.422067135572433,0.533869922161102,0.406537681818008,4.58340767295068,0.425347447395325,0.678676307201385,75.5259534751362,,,"59,8","47,07","32,31","67,25","67,33","85,03",1.5066137,42,99.1,30.05,36.0413241371957
India,6.69903414079852,35.872,1.48921120524648,9153.88084185646,4.822,6.71965605554655,,49.9653199690324,0.113943412899971,0.369541674852371,-0.0504464171826839,6.9870393257555,0.0458774901926517,-0.615027368068695,,18.3828489244349,8.26658065989597,41,"40,76","30,36","57,02","56,25","20,61",0.49066436,40,76.0,37.06,
Indonesia,4.20946383402165,57.934,1.87267638101123,14284.9594238784,3.462,11.6048416991284,66.4846,45.4658986816744,-0.1881303191185,0.436147511005402,0.205959960818291,5.30741934775764,0.14396958053112,-0.553894221782684,45.3365569338996,30.8716647318756,23.3262163276477,"49,27","45,91","41,33","55,7",66,"37,42",-0.18175171,34,96.0,37.92,35.2890995275057
Islamic Republic of Iran,43.4884641742179,76.807,0.0253573727513357,16424.3773866975,9.085,,81.717,51.597506811024,-1.01758456230164,-0.882911622524261,-1.59271132946014,3.77663140152906,-1.4606020450592,-1.62561237812042,,2.29121870507348,0.169367435583114,"23,22","30,71","21,32","26,71","23,78","13,61",-0.15773574,25,89.0,40.94,
Ireland,7.82945736434105,64.183,-6.48520600331755,137230.866174806,4.501,16.7857030010673,95.5905,232.129490581307,1.52677750587463,1.5485702753067,1.63956081867218,8.61950355191492,1.45429503917694,0.88466739654541,45.400258888176,,,"88,3","89,24","79,08","85,09","92,5","95,58",1.4747884,77,99.0,35.480000000000004,25.4313711947437
Israel,4.39359665912654,92.763,4.38689176804983,53567.3818901397,3.695,25.0113073628509,91.8508,60.5046618476397,0.944517552852631,1.23610758781433,1.20628762245178,6.47037150232485,0.677817583084106,-1.22896540164948,,,,"59,62","65,15","55,1","53,51","77,75","46,61",1.2017292,63,97.8,47.4,70.1662884885209
Italy,8.20128991161718,71.657,2.98280776340516,56171.5481336644,8.069,24.4965223539924,85.0607,72.0531919277732,0.296974033117294,0.448645293712616,0.510931491851807,4.66176265113695,1.07431793212891,0.466298222541809,,,,"68,16","65,89","47,52","73,93",80,"73,48",1.4565064,56,99.2,38.18,69.6223223507776
Jamaica,10.3495688391272,57.008,1.86419733640372,10790.1333004334,4.083,,85.1185,,-0.070953443646431,0.603865921497345,0.190213531255722,5.22151984737387,0.59103798866272,0.364242792129517,,94.3244704707438,21.5545406482534,"83,35","74,85","71,94","82,46",95,"92,52",-0.43110257,44,88.7,37.480000000000004,50.8255647840625
Japan,2.49770278172255,91.955,1.12781929281189,47366.3368944357,2.6,,84.9234,46.8437321391913,1.55796921253204,1.61941540241241,1.43877255916595,0.954736937781391,1.02100276947021,1.0326372385025,216.213375459903,,,"64,37","54,66","53,7","66,23","67,06","80,19",2.2851527,73,99.0,33.4,196.831842055378
Kazakhstan,15.0278644440851,57.99,2.25169814661934,35895.0839871669,4.86,12.0616921106992,92.2969,68.3343147415612,-0.474670082330704,0.142756044864655,-0.0112340543419123,3.19999999970734,-1.06711661815643,-0.4683538377285,21.3547830101811,80.4947506076646,44.7263382025498,"48,28","43,52","29,8","51,93","52,3","63,85",-0.3559345,36,100.0,27.79,25.0218936908865
Kenya,7.65986268272224,29.002,0.691645983068062,5883.22303961924,5.707,14.5993496343343,40.8137,33.6911387270322,-0.317989438772202,-0.329533219337463,-0.380829960107803,4.85998104287999,-0.150899544358253,-0.947280883789062,,37.210443281998,23.6732133721051,"64,59","62,42","46,33","72,28",78,"63,92",-0.24720798,32,83.0,38.7,31.2584163915549
South Korea,5.08951365062842,81.427,1.49617378306838,50792.0114044798,2.857,18.4445796703636,97.1686,96.5364092886865,1.1581643819809,1.34904730319977,1.1452225446701,2.61267219187226,0.878113925457001,0.579976737499237,51.1791323198157,,,"72,11","71,15","55,31","72,81","79,8","81,5",2.123311,63,98.8,40.5,174.967769247283
Kyrgyzstan,13.9229093174176,37.461,0.451992680624909,6577.51264877534,4.043,19.5419794530385,79.7703,133.786718048766,-1.14770913124084,-0.890511035919189,-0.63258820772171,8.96750520041391,-0.730020940303802,-0.471610426902771,47.085480540382,89.1225670738856,16.6877462903431,"64,25","59,9","48,64","68,86",69,"74,83",0.059186075,27,99.6,28.990000000000002,20.7968569789079
Lao People's Democratic Republic,22.9562225132056,37.592,4.69509225789708,8766.440626111,1.209,12.1129327825423,66.1548,,-0.804427981376648,-0.597129583358765,-0.987142562866211,2.70742652643155,-1.65810883045197,0.789451360702515,,131.914422875448,12.5667506623648,"36,64","36,06","20,92","31,58",44,"50,64",-0.762664,31,88.0,38.800000000000004,
Latvia,17.3102830198815,68.54,3.20205546190368,39931.6063013618,6.815,24.2302591248291,91.0301,159.82671948791,0.921031415462494,0.69153767824173,1.17088675498962,1.8126824022841,0.937443792819977,0.48640912771225,,,,"79,17","78,96","64,58","80,89","87,36","84,06",0.6781466,59,99.9,45.480000000000004,30.985781606162
Liberia,7.59298486560313,53.065,23.9985301015667,1691.57275721852,2.977,,30.1275,,-0.91592663526535,-1.43107986450195,-0.980886161327362,4.80810517290655,-0.00215343944728374,-0.267271250486374,,50.7592547714752,6.48107688174003,"62,77","55,5","32,8","74,69","82,57","68,3",-1.3899174,26,48.3,35.27,14.787430409394
Lithuania,19.7050461518394,68.465,3.40588108209325,50455.9203561357,5.955,21.0977186369958,87.7242,175.651612151093,1.06033229827881,0.993961572647095,1.29888129234314,2.53752500887173,1.06778585910797,0.653032541275024,36.0383704424596,,,"84,14","87,01","72,16","84,46","89,71","87,37",0.8296815,62,99.8,36.24,35.6991095636078
Malawi,20.953969729969,17.98,1.59888613227793,1778.30582146001,5.037,13.5038573942269,27.6609,,-0.221973344683647,-0.853226065635681,-0.739736258983612,0.921115069005936,0.062155295163393,-0.157983273267746,55.5992119991912,25.8433527035045,9.18289276406369,"61,4","55,76","38,44","78,07","67,67","67,08",-0.7134903,34,68.0,37.9,8.64704907517316
Malaysia,3.37869862549928,78.214,3.68689336269238,34366.2284812577,3.93,11.6374738583074,97.3986,146.505418280787,0.561419248580933,0.992667615413666,0.644006609916687,8.86182187578046,0.000423186487751082,0.163117811083794,60.1811225069523,,,"51,55","46,52","42,6","40,13",56,"72,48",1.0242734,47,95.0,41.18,113.132874268113
Mali,9.62147608489072,45.437,3.809679019826,2525.245789037,2.387,,33.0528,73.4634225003119,-0.982342958450317,-1.1489531993866,-0.634121775627136,3.47495171106735,-0.920922577381134,-2.56074357032776,,34.4760976260216,5.11417034429757,"54,48","35,15","42,6","74,34","78,5","41,81",-0.8012846,28,31.0,35.28,29.7060719351386
Mauritius,10.7737512242899,40.81,0.285717274004848,26601.7206625605,6.322,19.0504977293179,75.5,118.339828499599,0.796292245388031,0.766172587871552,1.16610610485077,8.87988519700977,0.613581001758575,0.830023586750031,,139.034548828775,4.60656357313387,"66,07","55,58","47,81","64,16","80,29","82,5",0.088347584,50,92.2,36.76,72.4160408571107
Mexico,7.8962761916855,81.3,2.67089845651245,23340.6634022084,3.256,13.4281110671168,78.6322,88.3870894769952,-0.869425058364868,-0.281723529100418,-0.148309499025345,3.68911109348025,-0.119756743311882,-0.689268112182617,44.0481728467751,40.8801551759967,8.67363189265452,"47,57","58,18","43,37","65,79","59,5","11,02",1.2591261,31,95.2,44.1,34.310096245079
Moldova,28.7372976766235,43.173,4.03859534264597,16381.3068315541,0.897,18.9403645740556,63.5349,110.733965557959,-0.286401212215424,-0.307596892118454,0.101790711283684,-5.01548231924089,0.0965940952301025,-0.659070193767548,34.5213178653949,66.7444705427208,10.0332301955477,"73,47","70,15","47,83",83,"85,88","80,48",0.0779718,39,99.6,25.73,27.538789542198
Mongolia,15.1479560897226,68.93,14.6053065112102,16401.9894751531,6.211,,83.9145,136.327929944516,-0.187781766057014,-0.424924910068512,-0.27089050412178,5.0327096366527,0.264592379331589,0.529954373836517,,222.002730224829,35.1299527790949,"59,17","55,48","36,18","60,37","69,55","74,27",-1.534846,33,99.0,32.74,40.9774857798216
Mozambique,10.2794018093421,38.187,16.0042947069706,1581.9441944418,3.596,22.66159088001,21.207,135.279578416991,-1.02469038963318,-0.73704868555069,-0.726218461990356,4.36445074535436,-0.586264908313751,-1.26560831069946,76.6350609536734,425.996855562271,60.2780330218738,"49,89","46,06","40,31","61,62","47,25","54,21",-1.5526813,26,63.4,50.45,20.72083608791
Myanmar,,31.771,,5731.93787872064,3.057,,,,-1.52809286117554,-1.68502449989319,-1.23508405685425,4.03749343593624,-1.81123757362366,-2.19571399688721,,20.5985803247671,7.02818324308264,"25,03","40,4","29,25","20,18","30,67","4,63",-0.9368122,23,89.1,30.7,
Namibia,6.08128114112413,53.956,8.40312508783681,10657.7384627391,19.695,27.1715483207126,62.215,99.1081598746768,0.414922207593918,0.0692832469940186,-0.0150013873353601,5.34966408559102,0.567221879959106,0.559885740280151,,,,"81,84","72,97","69,8","82,98","91,6","91,84",-0.5505019,49,92.3,59.07,61.0338236640477
Netherlands,10.0012078753473,92.886,1.48704290039353,77087.394232687,3.526,23.2559215954599,92.5197,184.107484252682,1.65676593780518,1.57889866828918,1.71227204799652,5.00723459045037,1.54713273048401,0.726799547672272,,,,"77,93","86,3","82,86","87,28","86,1","47,09",1.0714959,80,99.0,36.980000000000004,88.8195045380451
New Zealand,7.17222476016441,86.884,3.3802437002905,53070.993210215,3.297,29.9338565180745,95.7299,54.0869189811484,1.73037374019623,1.34026157855988,1.86519300937653,2.7748426484212,1.65168607234955,1.32116913795471,54.5666722344428,,,"83,54","90,15","75,26","74,78","89,75","87,76",0.22453047,87,99.0,32.0,147.762871682462
Niger,4.22621791916393,16.894,6.25881415979847,1839.96909675904,0.418,,16.937,31.3325137050778,-0.49811726808548,-0.627598226070404,-0.72080385684967,11.9000000000277,-0.37544509768486,-1.46439230442047,,38.6137281286548,18.1866566369135,"67,8","62,3","46,73","71,75","76,5","81,69",-0.4314999,32,38.0,37.26,12.4891662415375
Nigeria,18.8471877843274,53.521,-0.0391267487603444,5948.72614706813,3.821,,35.4563,,-0.913985073566437,-1.04151690006256,-1.15594470500946,3.25168140827093,-0.598563253879547,-1.77890145778656,,22.4251264456301,11.2775817239966,"46,79","45,15","36,39","53,8","69,83","28,75",-1.7110643,24,62.0,35.13,12.9574673117641
North Macedonia,14.2047173195833,59.118,6.13067578989693,24047.2965519113,14.476,,84.2304,166.147357379878,-0.0968875586986542,-0.0813848301768303,0.452958881855011,2.75888415332967,0.162095278501511,0.180839285254478,,89.77486079021,10.5171176353928,"68,44","66,16","43,71","81,29","73,17","77,85",0.27513185,40,98.4,31.400000000000002,54.2953220350026
Norway,5.76412317852272,83.664,2.42127009824237,122516.243560811,3.231,31.2732757669244,99.0,82.6051865827872,1.76085293292999,1.94172024726868,1.5161395072937,3.00563516076298,1.78067529201508,0.86123925447464,,,,"92,65","94,89","90,38","92,23","93,71","92,03",0.1767339,84,100.0,32.8,110.753636441674
Oman,2.5061425061425,87.75,6.21991338772931,43244.3771424737,3.3,,97.849,100.584539895545,0.49886080622673,0.0215067788958549,0.432644993066788,9.5771061309605,-1.14781379699707,0.532249212265015,,,,"35,99","32,73","23,98","18,42",45,"59,82",-0.43996128,44,95.7,30.09,54.7476590617624
Pakistan,19.8738599646655,37.731,0.389980753542853,5920.2743065411,5.485,,32.9486,33.031353478032,-0.672116339206696,-0.624728679656982,-0.886412620544434,4.7781068690358,-0.862116992473602,-1.83982634544373,,34.5671200388314,42.0224308246538,"37,99","39,57","31,92","53,26","47,43","17,75",-0.52038205,27,58.0,29.59,14.8383242381905
Panama,2.85965128834711,69.141,3.92922448045916,36245.1456551041,8.086,,73.6085,93.687178754867,-0.359851568937302,-0.128100603818893,0.127132147550583,10.769665870619,0.541374862194061,0.289221227169037,,,,"62,78","54,24","47,45","64,04",74,"74,15",-0.14042449,36,95.7,49.6,
Paraguay,9.76556667164402,62.818,1.60188029306692,16347.0434974754,6.755,10.2661363911407,76.2592,73.7379050218566,-0.591498374938965,-0.614015102386475,-0.169901669025421,0.176038366132886,0.00371037004515529,0.0355493128299713,,61.6625529528558,14.1546331485741,"58,36","54,24","31,12","75,44",65,"65,99",-0.44066167,28,94.5,45.11,51.0176123623542
Peru,8.33370630096231,78.708,4.54440029182456,16657.4897212687,3.85,,74.675,57.2510734358091,-0.552831411361694,-0.39837571978569,0.20857498049736,2.72550021563363,0.0529896952211857,-0.487095445394516,,39.324273825017,10.1129765481126,"61,75","66,97","41,84","70,61",63,"66,35",-0.86360615,36,94.5,41.4,45.5897474033429
Philippines,5.82115811213955,47.977,2.3475097233369,10131.3463697941,2.598,14.6190058206626,75.2111,72.4296836107599,-0.518263161182404,0.063930444419384,0.0627855956554413,7.58098212785563,-0.0548803359270096,-0.655268549919128,,25.9819623155405,8.06121463401626,"41,84","44,44","23,13","54,97","61,83","24,83",0.79559034,33,96.3,40.68,48.8730299164323
Poland,14.4294507575758,60.134,6.00626096603428,46038.6679847742,2.811,17.1234661463792,86.9411,123.021332860345,0.428134799003601,0.258881956338882,0.717305660247803,5.25545697386036,0.603501915931702,0.505146443843842,,,,"65,64","50,95","57,41","68,95","82,53","68,33",1.0261523,55,99.8,35.34,39.3159295032007
Portugal,7.83269124233323,67.381,3.71003929656135,44519.8646256667,6.011,22.894989595793,84.4969,101.364147310434,1.11221826076508,1.00113356113434,0.762673318386078,6.98584193827881,1.25769352912903,0.795802593231201,,,,"87,07","91,86","77,41","84,21","93,14","88,73",0.66982573,62,95.9,37.36,89.4538524652967
Romania,13.7954887432521,54.489,3.87290125410084,42182.5728078236,5.614,16.1575659433589,85.5031,93.6215624887545,0.403401881456375,-0.000462350901216269,0.364533066749573,3.96530766311717,0.566261529922485,0.431136310100555,50.8849084169995,,,"68,46","66,77","46,77","76,46","81,67","70,63",1.2816548,46,98.9,32.01,25.1339572608586
Russian Federation,,75.126,-1.7564179452356,40991.6171875,3.867,10.9703387752924,90.418,43.2587048229719,-1.19659042358398,-0.696263790130615,-1.14197266101837,-2.06971152527731,-1.26177060604095,-1.00599670410156,19.5062376778091,,,"38,82","36,36","34,84","44,61","51,29",27,-0.36029798,28,99.7,36.03,
Rwanda,17.6892095588153,17.721,2.29121490634389,3095.91864058305,15.084,,34.4405,61.1450799962783,0.147747457027435,0.232074052095413,0.16292978823185,8.15773308481241,-0.93596738576889,0.082752451300621,,74.3580925411058,11.4916966088178,"45,18","42,12","31,89","57,89","55,25","38,76",-0.5350747,51,75.9,43.71,22.8466318850573
Saudi Arabia,2.4740737192537,84.729,2.53074190231041,61440.7652906224,5.589,7.77202251312307,100.0,63.5136679204925,0.289913713932037,0.582258403301239,0.418585479259491,7.48598429134137,-1.48439347743988,-0.355806291103363,,,,"33,71","37,27","33,67","22,37","36,5","38,75",0.43345684,51,97.6,42.2,
Senegal,9.69681899081073,49.086,0.253824628077479,4529.14886305445,2.837,18.7027845144628,59.9832,80.0330777056171,-0.268764853477478,0.0397833846509457,-0.296521306037903,3.82586363675534,0.176930591464043,-0.157593667507172,,120.803963960495,26.2089312177689,"63,07","59,31","42,13","66,67","72,43","74,84",-0.6747872,43,58.0,38.31,32.3729350761131
Serbia,11.9815117344703,56.873,6.90481580907468,26220.3247366072,8.439,23.8974066325941,83.5383,131.93764235858,-0.113955773413181,0.0651759877800941,0.137092441320419,2.63098644408841,-0.0982479974627495,-0.174069464206696,,73.6490776850148,14.0477425775206,"61,51","47,47","34,92","79,92","74,22","71,03",0.73980904,36,99.0,33.3,38.393741982835
Slovenia,8.83369886749452,55.751,3.63837227783815,51036.2208933678,4.011,18.1764146369707,88.9125,186.21959497631,0.970905184745789,1.06853556632996,0.694944024085999,2.69923755687375,0.976333498954773,0.709335088729858,,,,"68,54","59,32","47,7","79,11","79,94","76,61",1.6714664,56,99.7,28.88,41.1641298871861
South Africa,7.03972661255866,68.335,2.27046857469366,14759.4350715619,33.268,26.0054597822428,74.703,64.7830021330108,0.0407747849822044,-0.109027646481991,-0.185125753283501,1.91147996033504,0.723274409770966,-0.681386351585388,76.2372383337531,43.275932525332,18.7333928537435,"75,56","75,96","62,59","84,36","82,5","72,39",-0.20983854,43,95.0,69.75,91.806470379443
Spain,8.39057634118627,81.304,4.52740675341745,50454.1709113385,12.917,15.5022207597539,94.4855,78.6275624641006,0.799167692661285,0.920230388641357,0.797074437141418,6.17931222572963,1.01683568954468,0.318843424320221,109.21602300273,,,"76,71","72,73","63,38","82,16","81,89","83,4",0.82458675,60,98.6,39.52,88.2557080550862
Sri Lanka,49.7211021114327,19.026,1.19246347205259,14194.0225623532,4.528,7.27705001462942,50.1067,46.6814414772198,-0.0580026134848595,-0.391961753368378,-0.65364283323288,-7.34679123599076,-0.214537113904953,-0.80430680513382,,81.0019480363595,20.2896271246193,"42,13","40,91","27,04","53,07","48,25","41,37",-0.21875101,36,92.3,37.660000000000004,
Sweden,8.36929098869189,88.492,8.26690116179806,66319.8441758424,7.392,27.6047528383889,95.0097,105.855015275665,1.68850898742676,1.5724048614502,1.68157696723938,1.45928850757269,1.52612793445587,0.910905122756958,36.9103515627997,,,"88,84","91,96","87,66","90,27","90,18","84,14",1.5885298,83,99.0,38.85,134.943840895068
Tanzania,4.35027204269101,36.682,1.89728870685569,3799.8623046875,2.588,11.7926807934669,31.8913,35.0034517101994,-0.462281912565231,-0.460365831851959,-0.563533365726471,4.56600576430955,-0.65319699048996,-0.260344117879868,,40.8101296259729,16.3791808947104,"48,28","43,88","32,65","45,09","59,2","60,56",-1.0032604,38,82.0,40.49,15.1576772705188
Thailand,6.07741228434321,52.889,2.39179594101395,22220.2864757838,0.94,15.1390339194536,87.9772,132.856382043634,0.0657474175095558,0.127444162964821,0.165019407868385,2.46276934050356,-0.620351493358612,-0.393339306116104,60.3498576793725,41.8153349964366,7.94100824796361,"50,15","58,99","45,24","47,37","53,67","45,5",1.0793952,36,94.1,35.12,156.452254551767
Togo,7.96757361617945,43.921,-0.664254219126751,2852.06442925896,1.965,14.1875620772128,37.6212,65.4877850146886,-0.550358951091766,-0.645623385906219,-0.562867999076843,5.75954251521733,-0.755017638206482,-0.788051605224609,,38.5299898663649,11.439660613681,"57,17","57,52","41,73","61,93","69,5","55,15",-1.1044855,30,66.5,42.53,28.1263423031561
Tunisia,8.30646124447623,70.214,1.44283667390745,13532.6380391977,15.3,,73.8379,112.441001996161,-0.112762130796909,-0.262752622365952,-0.414175897836685,2.67331821840567,-0.248100206255913,-0.594559073448181,,90.9456460622471,23.576111132273,"58,49","61,82","41,84","67,19","70,2","51,42",0.3043773,40,82.7,32.82,
Turkey,72.3088359891207,77.022,1.50652874838996,39068.2225048491,10.465,16.0920714893319,83.4372,81.170129694525,-0.459680616855621,-0.199645325541496,-0.244638904929161,5.53342787492781,-0.926404356956482,-1.03223478794098,35.2457946156302,50.962028897649,19.5425856369878,"41,25","38,38","27,55","52,92",55,"32,37",0.6080265,36,96.7,42.6,54.500073637679
Uganda,7.1957888597581,26.159,6.48067616265601,2919.1777540711,2.886,12.5499042669422,,34.5053019270937,-0.374034941196442,-0.605068683624268,-0.490339338779449,4.58802192181773,-0.799532294273376,-0.711015820503235,53.890283064004,45.6582500420135,15.18045648574,"46,35","44,7","36,99","60,96",56,"33,09",-0.5735074,26,79.0,42.71,15.0891724993299
Ukraine,20.1836366617478,69.919,0.136428578229067,14770.0712890625,,16.6915073808281,,87.3965139907244,-0.917947947978973,-0.497119277715683,-0.331597328186035,-28.7585842132117,-0.0233073923736811,-1.94932460784912,,84.8116390544038,15.5572209992075,"55,76","61,21","42,86","79,45","76,43","18,84",0.31271634,33,100.0,25.63,23.316037813157
United Arab Emirates,5.29122604376849,87.543,4.93965436873328,73777.7443949344,2.872,0.578507736753989,100.0,188.945461747377,0.836056530475616,1.29912793636322,1.03478074073792,7.50969703221836,-1.12749147415161,0.744183301925659,,,,"44,46","45,45","36,73","32,02","50,5","57,59",0.020361304,67,98.0,25.97,66.586486399096
United Kingdom,7.92204883147902,84.398,1.44178892281254,58392.8553923132,3.73,27.173147226044,95.3412,68.8805301397863,1.41379821300507,1.23809003829956,1.5665100812912,4.83908514714403,1.25854110717773,0.533176064491272,141.244397228023,,,"78,71","80,57","72,75","76,63","84,29","79,33",1.6361722,73,99.0,34.24,128.848239490696
United States,8.00279982052121,83.084,1.57259077429972,78035.1753604212,3.65,12.0548329244866,97.1299,26.891689830077,1.36920201778412,1.25549554824829,1.42443990707397,2.51237531983308,0.860348105430603,0.00870068650692701,112.889632760053,,,"72,74","72,99","59,33","77,32","81,43","72,63",1.4802996,69,99.0,41.99,187.583603870675
Uruguay,9.10437983075437,95.688,12.3672335202236,33081.5074307653,7.877,,89.873,58.8336177106898,0.767947494983673,0.849587678909302,0.713579416275024,4.70725761465232,1.28492343425751,1.08582961559296,,,,"72,03","70,3","49,32","83,63","72,33","84,58",0.0974317,74,98.8,40.300000000000004,26.7890457790898
Vietnam,3.15650749963129,38.766,4.3624059864868,13852.1163600719,1.523,,78.59,183.789541097223,-0.158469453454018,0.174635261297226,-0.429956316947937,8.12351446767343,-1.28640735149384,-0.0461320951581001,,37.704251543823,6.76481953924791,"26,11","32,32","18,71","27,49","34,67","17,37",0.1889092,42,95.8,36.81,125.912020256471
Zambia,10.9932039209136,45.761,-0.223286755156161,3840.72450511141,5.995,,31.2342,69.2973154193203,-0.517023503780365,-0.638017058372498,-0.529057919979095,5.21122360356247,-0.0794507637619972,0.161331877112389,,97.1736346985992,11.7469652985463,"55,4","52,35","37,76","58,33",64,"64,55",-0.8095304,33,86.7,44.0,12.9750888260207
Zimbabwe,104.705170628667,32.395,1.02703125875411,3560.04327343522,10.087,,32.5615,64.7636081351322,-1.23702752590179,-1.25122380256653,-1.42596733570099,6.13926326513234,-1.10950314998627,-0.894974112510681,,51.7416070534386,6.08864103314875,"44,94","40,3","32,4","54,17","54,5","43,34",-0.8866535,23,89.7,50.26,8.75957606195251
